model,seed,accuracy,auroc,auprc,precision,recall,f1,early_detected_rate,mean_lead_time,threshold,normal_count,detected_fraud_count,censored_fraud_count,normal_final_risk,detected_final_risk,censored_final_risk,normal_alarm_rate,detected_before_tf_rate,detected_mean_alarm_minus_tf,censored_before_tf_rate,censored_mean_alarm_minus_tf
LSTM-SAFE,0,0.2425,0.48677357456140347,0.23913650535732345,0.23929471032745592,0.9895833333333334,0.385395537525355,0.7708333333333334,5.252631578947368,0.735,265,96,39,0.8070978540294576,0.8069634344428778,0.8083832722443801,0.9962264150943396,0.5833333333333334,-1.7789473684210526,0.7435897435897436,-3.3947368421052633
LSTM-SAFE,1,0.2675,0.49835730917674076,0.2921325331963529,0.2675,1.0,0.42209072978303747,1.0,11.794392523364486,0.05,266,107,27,0.6501500949375612,0.6491431504766517,0.6429101604002493,1.0,1.0,-8.906542056074766,1.0,-8.185185185185185
LSTM-SAFE,2,0.2525,0.5409333333333333,0.2813015984120705,0.2506265664160401,1.0,0.40080160320641284,1.0,12.1,0.25999999999999995,271,100,29,0.3219424930445822,0.325140016078949,0.3256839945398528,0.996309963099631,1.0,-9.14,1.0,-9.310344827586206
LSTM-SAFE,3,0.505,0.47942278729291443,0.22433434947844064,0.22797927461139897,0.4731182795698925,0.3076923076923077,0.26881720430107525,2.8636363636363638,0.4649999999999999,278,93,29,0.4621915064698501,0.461060748305372,0.46237326079401475,0.49640287769784175,0.1935483870967742,1.2272727272727273,0.2413793103448276,-2.4545454545454546
LSTM-SAFE,4,0.2775,0.5120972917468873,0.2766892994338154,0.26717557251908397,0.9905660377358491,0.42084168336673344,0.9150943396226415,7.6571428571428575,0.63,260,106,34,0.6677317298375643,0.6691608608893629,0.6720941662788391,0.9769230769230769,0.8584905660377359,-4.523809523809524,0.8529411764705882,-5.794117647058823
GRU-SAFE,0,0.245,0.5217242324561404,0.2672021429079528,0.24120603015075376,1.0,0.38866396761133604,0.7916666666666666,5.6875,0.63,265,96,39,0.7036745244601987,0.706555417428414,0.7030502557754517,0.9924528301886792,0.65625,-2.2395833333333335,0.6410256410256411,-2.3846153846153846
GRU-SAFE,1,0.2675,0.5040030621032822,0.2886730472039384,0.2675,1.0,0.42209072978303747,1.0,11.794392523364486,0.05,266,107,27,0.42561395275861696,0.42510928951691246,0.42363108970500807,1.0,1.0,-8.906542056074766,1.0,-8.185185185185185
GRU-SAFE,2,0.2525,0.5722333333333334,0.3137221633406958,0.2506265664160401,1.0,0.40080160320641284,1.0,11.88,0.26999999999999996,271,100,29,0.3295949499545502,0.3349274569749832,0.3331283577557268,0.996309963099631,1.0,-8.92,0.9655172413793104,-8.655172413793103
GRU-SAFE,3,0.3,0.4695107001506077,0.21755595784276896,0.22418879056047197,0.8172043010752689,0.35185185185185186,0.5591397849462365,3.9342105263157894,0.41999999999999993,278,93,29,0.4421771181573113,0.4388606823900694,0.43912385866559783,0.8561151079136691,0.46236559139784944,-0.27631578947368424,0.4482758620689655,0.32
GRU-SAFE,4,0.265,0.4866352201257862,0.2647049371095031,0.265,1.0,0.4189723320158103,1.0,12.424528301886792,0.05,260,106,34,0.34653626244801744,0.34502259290443277,0.34646883256295147,1.0,1.0,-9.31132075471698,1.0,-10.5
